dataset,rate,outlier_ratio,backbone,seed,auroc,ap
photo,0.5,0.01,0,0.4479,0.0863
photo,0.5,0.05,0,0.5757,0.1209
photo,0.5,0.1,0,0.6603,0.1552
photo,0.5,0.15,0,0.6210,0.1309
photo,0.5,0.2,0,0.6170,0.1295
photo,0.5,0.3,0,0.6165,0.1283
reddit,0.5,0.01,0,0.5279,0.0397
reddit,0.5,0.05,0,0.5869,0.0427
reddit,0.5,0.1,0,0.5618,0.0400
reddit,0.5,0.15,0,0.6210,0.0488
reddit,0.5,0.2,0,0.6008,0.0448
reddit,0.5,0.3,0,0.6093,0.0474
Amazon,0.5,0.01,0,0.8023,0.4336
Amazon,0.5,0.05,0,0.8151,0.4358
Amazon,0.5,0.15,0,0.8327,0.5042
Amazon,0.5,0.3,0,0.7830,0.3461
photo,0.5,0.15,gat,0,0.7096,0.1644
reddit,0.5,0.15,gat,0,0.5457,0.0432
Amazon,0.5,0.15,gat,0,0.5655,0.1132
photo,0.5,0.15,gcn,0,0.6210,0.1309
reddit,0.5,0.15,gcn,0,0.6210,0.0488
Amazon,0.5,0.15,gcn,0,0.8327,0.5042
